-- phpMyAdmin SQL Dump
-- version 5.1.1
-- https://www.phpmyadmin.net/
--
-- Хост: 127.0.0.1:3305
-- Время создания: Июл 28 2022 г., 06:26
-- Версия сервера: 8.0.24
-- Версия PHP: 7.4.27

SET SQL_MODE = "NO_AUTO_VALUE_ON_ZERO";
START TRANSACTION;
SET time_zone = "+00:00";


/*!40101 SET @OLD_CHARACTER_SET_CLIENT=@@CHARACTER_SET_CLIENT */;
/*!40101 SET @OLD_CHARACTER_SET_RESULTS=@@CHARACTER_SET_RESULTS */;
/*!40101 SET @OLD_COLLATION_CONNECTION=@@COLLATION_CONNECTION */;
/*!40101 SET NAMES utf8mb4 */;

--
-- База данных: `i20`
--
CREATE DATABASE IF NOT EXISTS `i20` DEFAULT CHARACTER SET utf8mb4 COLLATE utf8mb4_0900_ai_ci;
USE `i20`;

-- --------------------------------------------------------

--
-- Структура таблицы `form`
--

DROP TABLE IF EXISTS `form`;
CREATE TABLE `form` (
  `form_id` int NOT NULL,
  `name` varchar(100) NOT NULL,
  `email` varchar(100) NOT NULL,
  `date` date NOT NULL,
  `gender` varchar(10) NOT NULL,
  `theme` varchar(300) NOT NULL,
  `info` varchar(4000) NOT NULL,
  `contract` tinyint(1) NOT NULL
) ENGINE=InnoDB DEFAULT CHARSET=utf8mb4 COLLATE=utf8mb4_0900_ai_ci;

--
-- Дамп данных таблицы `form`
--

INSERT INTO `form` (`form_id`, `name`, `email`, `date`, `gender`, `theme`, `info`, `contract`) VALUES
(4, 'Artem', 'artem@mail.tuy', '2001-09-10', 'male', 'Test', 'Test', 1),
(5, 'artem', 'artem@mail.ru', '2001-09-10', 'male', 'Test', 'Test', 1),
(6, 'Artem', 'artem@mail.ru', '2001-09-10', 'male', 'Test', 'Test', 1);

-- --------------------------------------------------------

--
-- Структура таблицы `image`
--

DROP TABLE IF EXISTS `image`;
CREATE TABLE `image` (
  `image_id` int NOT NULL,
  `url` varchar(1000) NOT NULL,
  `alt` varchar(400) NOT NULL
) ENGINE=InnoDB DEFAULT CHARSET=utf8mb4 COLLATE=utf8mb4_0900_ai_ci;

--
-- Дамп данных таблицы `image`
--

INSERT INTO `image` (`image_id`, `url`, `alt`) VALUES
(1, '/url1', '1'),
(2, '/url2', '2'),
(3, '/url3', '3'),
(4, '/url4', '4'),
(5, '/url5', '5'),
(6, '/url6', '6'),
(7, '/url7', '7'),
(8, '/url8', '8'),
(9, '/url9', '9'),
(10, '/url10', '10');

-- --------------------------------------------------------

--
-- Структура таблицы `imageproduct`
--

DROP TABLE IF EXISTS `imageproduct`;
CREATE TABLE `imageproduct` (
  `id` int NOT NULL,
  `image_id` int NOT NULL,
  `product_id` int NOT NULL
) ENGINE=InnoDB DEFAULT CHARSET=utf8mb4 COLLATE=utf8mb4_0900_ai_ci;

--
-- Дамп данных таблицы `imageproduct`
--

INSERT INTO `imageproduct` (`id`, `image_id`, `product_id`) VALUES
(1, 1, 1),
(2, 3, 1),
(3, 5, 1),
(4, 2, 2),
(5, 3, 3),
(6, 4, 4),
(7, 5, 5),
(8, 6, 6),
(9, 7, 7),
(10, 8, 8),
(11, 9, 9),
(12, 10, 10),
(13, 1, 12),
(14, 2, 12),
(15, 3, 13),
(16, 4, 14),
(17, 5, 15),
(18, 6, 16),
(19, 7, 17),
(20, 8, 18),
(21, 9, 19),
(22, 10, 20),
(23, 1, 21),
(24, 2, 22),
(25, 3, 22),
(26, 3, 23),
(27, 4, 24),
(28, 5, 25),
(29, 6, 26),
(30, 7, 27),
(31, 8, 28),
(32, 9, 29),
(33, 10, 30),
(34, 1, 31),
(35, 2, 32),
(36, 3, 33),
(37, 4, 34),
(38, 5, 35),
(39, 6, 36),
(40, 2, 36),
(41, 1, 36),
(42, 7, 37),
(43, 8, 38),
(44, 9, 39),
(45, 10, 40),
(46, 1, 41),
(47, 2, 42),
(48, 3, 43),
(49, 4, 44),
(50, 5, 45),
(51, 6, 46),
(52, 1, 46),
(53, 2, 46),
(54, 7, 47),
(55, 8, 48),
(56, 9, 49),
(57, 10, 50),
(58, 1, 51),
(59, 2, 52),
(60, 3, 53),
(61, 4, 54),
(62, 5, 55),
(63, 6, 56),
(64, 7, 57),
(65, 8, 58),
(66, 9, 59),
(67, 1, 59),
(68, 10, 60),
(69, 1, 61),
(70, 2, 62),
(71, 3, 63),
(72, 4, 64),
(73, 5, 65),
(74, 6, 66),
(75, 7, 67),
(76, 8, 68),
(77, 9, 69),
(78, 10, 70),
(79, 2, 70),
(80, 6, 70),
(81, 1, 71),
(82, 2, 72),
(84, 1, 2),
(85, 1, 3),
(86, 1, 4),
(87, 1, 5),
(88, 1, 6),
(89, 1, 7),
(90, 1, 8),
(91, 1, 9),
(92, 1, 10),
(93, 1, 11),
(94, 1, 12),
(95, 1, 13),
(96, 1, 14),
(97, 1, 15),
(98, 1, 16),
(99, 1, 17),
(100, 1, 18),
(101, 1, 19),
(102, 1, 20),
(104, 1, 22),
(105, 1, 23),
(106, 1, 24),
(107, 1, 25),
(108, 1, 26),
(109, 1, 27),
(110, 1, 28),
(111, 1, 29),
(112, 1, 30),
(114, 1, 32),
(115, 1, 33),
(116, 1, 34),
(117, 1, 35),
(119, 3, 37),
(120, 3, 38),
(121, 3, 39),
(122, 3, 40),
(123, 3, 41),
(124, 3, 42),
(126, 3, 44),
(127, 3, 45),
(128, 3, 46),
(129, 3, 47),
(130, 3, 48),
(131, 3, 49),
(132, 3, 50),
(133, 3, 51),
(134, 3, 52),
(136, 3, 54),
(137, 3, 55),
(138, 3, 56),
(139, 3, 57),
(140, 3, 58),
(141, 3, 59),
(142, 3, 60),
(143, 3, 61),
(144, 3, 62),
(146, 3, 64),
(147, 3, 65),
(148, 3, 66),
(149, 3, 67),
(150, 3, 68),
(151, 3, 69),
(152, 3, 70),
(153, 3, 71),
(154, 3, 72),
(155, 6, 73);

-- --------------------------------------------------------

--
-- Структура таблицы `product`
--

DROP TABLE IF EXISTS `product`;
CREATE TABLE `product` (
  `product_id` int NOT NULL,
  `header` varchar(300) NOT NULL,
  `description` varchar(400) DEFAULT NULL,
  `price` double NOT NULL,
  `mainSection_id` int NOT NULL,
  `display` tinyint(1) DEFAULT '1',
  `discountprice` double DEFAULT NULL,
  `promoprice` double DEFAULT NULL,
  `mainimg_id` int DEFAULT NULL
) ENGINE=InnoDB DEFAULT CHARSET=utf8mb4 COLLATE=utf8mb4_0900_ai_ci;

--
-- Дамп данных таблицы `product`
--

INSERT INTO `product` (`product_id`, `header`, `description`, `price`, `mainSection_id`, `display`, `discountprice`, `promoprice`, `mainimg_id`) VALUES
(1, 'VipDressCode', 'Футболка летняя хлопковая однотонная повседневная, безрукавка с капюшоном, модный жилет для мужчин', 2245, 1, 1, 1572, 1459, 1),
(2, 'Palmost', 'Футболка', 852, 1, 1, 596, 554, 1),
(3, 'Smite', 'Футболка мужская унисекс женская однотонная базовая хлопковая майка спортивная с коротким рукавом', 374, 1, 1, 262, 243, 1),
(4, 'VipDress', 'Футболка летняя хлопковая однотонная повседневная, безрукавка с капюшоном, модный жилет для мужчин', 3000, 1, 1, 2100, 1950, 1),
(5, 'Palmos', 'Футболка', 1000, 1, 1, 700, 650, 1),
(6, 'Smit', 'Футболка мужская унисекс женская однотонная базовая хлопковая майка спортивная с коротким рукавом', 500, 1, 1, 350, 325, 1),
(7, 'ViDress', 'Футболка летняя хлопковая однотонная повседневная, безрукавка с капюшоном, модный жилет для мужчин', 3500, 1, 1, 2450, 2275, 1),
(8, 'mos', 'Футболка', 2000, 1, 1, 1400, 1300, 1),
(9, 'mit', 'Футболка мужская унисекс женская однотонная базовая хлопковая майка спортивная с коротким рукавом', 700, 1, 1, 490, 455, 1),
(10, 'ViDr', 'Футболка летняя хлопковая однотонная повседневная, безрукавка с капюшоном, модный жилет для мужчин', 4500, 1, 1, 3150, 2925, 1),
(11, 'mos1', 'Футболка', 2300, 1, 1, 1610, 1495, 1),
(12, 'mit1', 'Футболка мужская унисекс женская однотонная базовая хлопковая майка спортивная с коротким рукавом', 600, 1, 1, 420, 390, 1),
(13, 'Setner', 'Лонгслив мужской , женский , оверсайз , Японский принт , футболка с длинным рукавом , повседневная', 1605, 2, 1, 1124, 1043, 1),
(14, 'Marimod', 'Молодежный женский длинный вязаный свитер оверсайз с рисунком аниме и вырезом для женщин и девочек', 1880, 2, 1, 1316, 1222, 1),
(15, 'Stexi', 'Свитер женский оверсайз полосатый длинный в полоску рваный', 1780, 2, 1, 1246, 1157, 1),
(16, 'Sener', 'Лонгслив мужской , женский , оверсайз , Японский принт , футболка с длинным рукавом , повседневная', 2605, 2, 1, 1824, 1693, 1),
(17, 'Marid', 'Молодежный женский длинный вязаный свитер оверсайз с рисунком аниме и вырезом для женщин и девочек', 2880, 2, 1, 2016, 1872, 1),
(18, 'Stxi', 'Свитер женский оверсайз полосатый длинный в полоску рваный', 2780, 2, 1, 1946, 1807, 1),
(19, 'Sen', 'Лонгслив мужской , женский , оверсайз , Японский принт , футболка с длинным рукавом , повседневная', 4605, 2, 1, 3224, 2993, 1),
(20, 'Mari', 'Молодежный женский длинный вязаный свитер оверсайз с рисунком аниме и вырезом для женщин и девочек', 4880, 2, 1, 3416, 3172, 1),
(21, 'Stx', 'Свитер женский оверсайз полосатый длинный в полоску рваный', 3780, 2, 1, 2646, 2457, 1),
(22, 'Seqwe', 'Лонгслив мужской , женский , оверсайз , Японский принт , футболка с длинным рукавом , повседневная', 1605, 2, 1, 1124, 1043, 1),
(23, 'Mariqwe', 'Молодежный женский длинный вязаный свитер оверсайз с рисунком аниме и вырезом для женщин и девочек', 1880, 2, 1, 1316, 1222, 1),
(24, 'Stxqer', 'Свитер женский оверсайз полосатый длинный в полоску рваный', 1780, 2, 1, 1246, 1157, 1),
(25, 'SUN Street', 'Брюки \"Карго\" мужские Спортивные штаны женские Джогеры унисекс Бананы для мальчика Одежда в подарок', 4704, 3, 1, 3293, 3058, 1),
(26, 'Эвалайн', 'Брюки', 2667, 3, 1, 1867, 1734, 1),
(27, 'LAINA', 'Брюки женские 7/8, спортивные, капри, трикотажные, штаны домашние, на резинке, с высокой посадкой', 1400, 3, 1, 980, 910, 1),
(28, 'SUN Strqwe', 'Брюки \"Карго\" мужские Спортивные штаны женские Джогеры унисекс Бананы для мальчика Одежда в подарок', 4204, 3, 1, 2943, 2733, 1),
(29, 'Эвалайнa', 'Брюки', 2267, 3, 1, 1587, 1474, 1),
(30, 'LAINA1', 'Брюки женские 7/8, спортивные, капри, трикотажные, штаны домашние, на резинке, с высокой посадкой', 1200, 3, 1, 840, 780, 1),
(31, 'SUNs', 'Брюки \"Карго\" мужские Спортивные штаны женские Джогеры унисекс Бананы для мальчика Одежда в подарок', 2204, 3, 1, 1543, 1433, 1),
(32, 'Эва', 'Брюки', 4267, 3, 1, 2987, 2774, 1),
(33, 'LAI', 'Брюки женские 7/8, спортивные, капри, трикотажные, штаны домашние, на резинке, с высокой посадкой', 12200, 3, 1, 8540, 7930, 1),
(34, 'SUNqwe', 'Брюки \"Карго\" мужские Спортивные штаны женские Джогеры унисекс Бананы для мальчика Одежда в подарок', 6204, 3, 1, 4343, 4033, 1),
(35, 'Эваqwe', 'Брюки', 2237, 3, 1, 1566, 1454, 1),
(36, 'LA', 'Брюки женские 7/8, спортивные, капри, трикотажные, штаны домашние, на резинке, с высокой посадкой', 7200, 3, 1, 5040, 4680, 2),
(37, 'Hohloon', 'Куртка для девочки детская спортивная оверсайз модная с капюшоном/карманами непромокаемая для улицы', 2090, 4, 1, 1463, 1359, 3),
(38, 'Gloria Jeans', 'Куртки', 2517, 4, 1, 1762, 1636, 3),
(39, 'Zolla', 'Куртка', 2900, 4, 1, 2030, 1885, 3),
(40, 'Hohl', 'Куртка для девочки детская спортивная оверсайз модная с капюшоном/карманами непромокаемая для улицы', 3090, 4, 1, 2163, 2009, 3),
(41, 'Gloria ', 'Куртки', 3517, 4, 1, 2462, 2286, 3),
(42, 'Zoll', 'Куртка', 3900, 4, 1, 2730, 2535, 3),
(43, 'Hohlqwe', 'Куртка для девочки детская спортивная оверсайз модная с капюшоном/карманами непромокаемая для улицы', 3290, 4, 1, 2303, 2139, 3),
(44, 'Gloriqwea ', 'Куртки', 3527, 4, 1, 2469, 2293, 3),
(45, 'Zollqwe', 'Куртка', 3220, 4, 1, 2254, 2093, 3),
(46, 'Hohl1', 'Куртка для девочки детская спортивная оверсайз модная с капюшоном/карманами непромокаемая для улицы', 3330, 4, 1, 2331, 2165, 3),
(47, 'Glor1 ', 'Куртки', 3327, 4, 1, 2329, 2163, 3),
(48, 'Zoll1', 'Куртка', 3230, 4, 1, 2261, 2100, 3),
(49, 'Converse', 'Кеды', 2990, 5, 1, 2093, 1944, 3),
(50, 'Reebok', 'Кроссовки Reebok Rider V', 3220, 5, 1, 2254, 2093, 3),
(51, 'CROCS', 'Сандалии', 1950, 5, 1, 1365, 1268, 3),
(52, 'Conver', 'Кеды', 1990, 5, 1, 1393, 1294, 3),
(53, 'Reeb', 'Кроссовки Reebok Rider V', 2220, 5, 1, 1554, 1443, 3),
(54, 'CRO', 'Сандалии', 2250, 5, 1, 1575, 1463, 3),
(55, 'Converqwe', 'Кеды', 3990, 5, 1, 2793, 2594, 3),
(56, 'Reebqwe', 'Кроссовки Reebok Rider V', 3220, 5, 1, 2254, 2093, 3),
(57, 'CROqwe', 'Сандалии', 3250, 5, 1, 2275, 2113, 3),
(58, 'Conver1', 'Кеды', 2990, 5, 1, 2093, 1944, 3),
(59, 'Reeb1', 'Кроссовки Reebok Rider V', 2220, 5, 1, 1554, 1443, 3),
(60, 'CRO1', 'Сандалии', 2250, 5, 1, 1575, 1463, 3),
(61, 'TAPUGI', 'Сабо женские Медицинские Обувь рабочая спецобувь Тапочки женские домашние Кроксы Пантолеты Сланцы', 663, 6, 1, 464, 431, 3),
(62, 'Original Fur company', 'Тапочки', 1240, 6, 1, 868, 806, 3),
(63, 'Love is Me', 'Домашние мягкие женские тапочки, красивые плюшевые тапки для дома, комнатные женские тапочки', 1150, 6, 1, 805, 748, 3),
(64, 'TAP', 'Сабо женские Медицинские Обувь рабочая спецобувь Тапочки женские домашние Кроксы Пантолеты Сланцы', 463, 6, 1, 324, 301, 3),
(65, 'OriginalF', 'Тапочки', 2240, 6, 1, 1568, 1456, 3),
(66, 'Love', 'Домашние мягкие женские тапочки, красивые плюшевые тапки для дома, комнатные женские тапочки', 2150, 6, 1, 1505, 1398, 3),
(67, 'TAPqwwe', 'Сабо женские Медицинские Обувь рабочая спецобувь Тапочки женские домашние Кроксы Пантолеты Сланцы', 963, 6, 1, 674, 626, 3),
(68, 'Ori', 'Тапочки', 8240, 6, 1, 5768, 5356, 3),
(69, 'Loveew', 'Домашние мягкие женские тапочки, красивые плюшевые тапки для дома, комнатные женские тапочки', 3150, 6, 1, 2205, 2048, 3),
(70, 'TAP1', 'Сабо женские Медицинские Обувь рабочая спецобувь Тапочки женские домашние Кроксы Пантолеты Сланцы', 1263, 6, 1, 884, 821, 3),
(71, 'Ori1', 'Тапочки', 5240, 6, 1, 3668, 3406, 3),
(72, 'Lov1', 'Домашние мягкие женские тапочки, красивые плюшевые тапки для дома, комнатные женские тапочки', 4150, 6, 1, 2905, 2698, 3),
(73, 'Тестовый товар', 'Тестовый товар с не отображаемым элементом', 40000, 10, 0, 20000, 15000, 6);

-- --------------------------------------------------------

--
-- Структура таблицы `section`
--

DROP TABLE IF EXISTS `section`;
CREATE TABLE `section` (
  `section_id` int NOT NULL,
  `header` varchar(300) NOT NULL,
  `description` varchar(4000) DEFAULT NULL
) ENGINE=InnoDB DEFAULT CHARSET=utf8mb4 COLLATE=utf8mb4_0900_ai_ci;

--
-- Дамп данных таблицы `section`
--

INSERT INTO `section` (`section_id`, `header`, `description`) VALUES
(1, 'Футболки', 'Описание футболок'),
(2, 'Кофты', 'Описание кофт'),
(3, 'Штаны', 'Описание штанов'),
(4, 'Куртки', 'Описание курток'),
(5, 'Обувь', 'Описание обуви'),
(6, 'Тапочки', 'Описание тапочков'),
(7, 'Мужская одежда', 'Мужская одежда'),
(8, 'Женская одежда', 'Женская одежда'),
(9, 'Пустая категория', 'Описание пустой категории'),
(10, 'Тестовая категория', 'Тестовая категория с не отображаемым элементом');

-- --------------------------------------------------------

--
-- Структура таблицы `sectionproduct`
--

DROP TABLE IF EXISTS `sectionproduct`;
CREATE TABLE `sectionproduct` (
  `id` int NOT NULL,
  `section_id` int NOT NULL,
  `product_id` int NOT NULL
) ENGINE=InnoDB DEFAULT CHARSET=utf8mb4 COLLATE=utf8mb4_0900_ai_ci;

--
-- Дамп данных таблицы `sectionproduct`
--

INSERT INTO `sectionproduct` (`id`, `section_id`, `product_id`) VALUES
(1, 7, 1),
(2, 7, 2),
(3, 8, 3),
(4, 7, 4),
(5, 7, 5),
(6, 8, 6),
(7, 7, 7),
(8, 7, 8),
(9, 7, 9),
(10, 8, 10),
(11, 7, 11),
(12, 8, 12),
(13, 7, 13),
(14, 7, 14),
(15, 8, 15),
(16, 7, 16),
(17, 7, 17),
(18, 8, 18),
(19, 7, 19),
(20, 8, 20),
(21, 7, 21),
(22, 7, 22),
(23, 7, 23),
(24, 8, 24),
(25, 7, 25),
(26, 7, 26),
(27, 7, 27),
(28, 7, 28),
(29, 7, 29),
(30, 8, 30),
(31, 8, 31),
(32, 8, 32),
(33, 8, 33),
(34, 7, 34),
(35, 7, 35),
(36, 7, 36),
(37, 7, 36),
(38, 8, 36),
(39, 7, 37),
(40, 8, 38),
(41, 8, 39),
(42, 7, 40),
(43, 7, 41),
(44, 7, 42),
(45, 7, 43),
(46, 8, 44),
(47, 8, 45),
(48, 8, 46),
(49, 8, 46),
(50, 8, 46),
(51, 7, 47),
(52, 8, 48),
(53, 7, 49),
(54, 8, 50),
(55, 7, 51),
(56, 7, 52),
(57, 7, 53),
(58, 7, 54),
(59, 7, 55),
(60, 7, 56),
(61, 7, 57),
(62, 8, 58),
(63, 8, 59),
(64, 7, 59),
(65, 8, 60),
(66, 7, 61),
(67, 8, 62),
(68, 8, 63),
(69, 8, 64),
(70, 7, 65),
(71, 7, 66),
(72, 7, 67),
(73, 8, 68),
(74, 7, 69),
(75, 8, 70),
(76, 7, 70),
(77, 8, 70),
(78, 7, 71),
(79, 8, 72),
(80, 5, 60),
(81, 5, 61),
(82, 5, 62),
(83, 5, 63),
(84, 5, 64),
(85, 5, 65),
(86, 5, 66),
(87, 5, 67),
(88, 5, 68),
(89, 5, 69),
(90, 5, 70),
(91, 5, 70),
(92, 5, 70),
(93, 5, 71),
(94, 5, 72),
(95, 1, 1),
(96, 1, 2),
(97, 1, 3),
(98, 1, 4),
(99, 1, 5),
(100, 1, 6),
(101, 1, 7),
(102, 1, 8),
(103, 1, 9),
(104, 1, 10),
(105, 1, 11),
(106, 1, 12),
(107, 2, 13),
(108, 2, 14),
(109, 2, 15),
(110, 2, 16),
(111, 2, 17),
(112, 2, 18),
(113, 2, 19),
(114, 2, 20),
(115, 2, 21),
(116, 2, 22),
(117, 2, 23),
(118, 2, 24),
(119, 3, 25),
(120, 3, 26),
(121, 3, 27),
(122, 3, 28),
(123, 3, 29),
(124, 3, 30),
(125, 3, 31),
(126, 3, 32),
(127, 3, 33),
(128, 3, 34),
(129, 3, 35),
(130, 3, 36),
(131, 4, 37),
(132, 4, 38),
(133, 4, 39),
(134, 4, 40),
(135, 4, 41),
(136, 4, 42),
(137, 4, 43),
(138, 4, 44),
(139, 4, 45),
(140, 4, 46),
(141, 4, 47),
(142, 4, 48),
(143, 5, 49),
(144, 5, 50),
(145, 5, 51),
(146, 5, 52),
(147, 5, 53),
(148, 5, 54),
(149, 5, 55),
(150, 5, 56),
(151, 5, 57),
(152, 5, 58),
(153, 5, 59),
(154, 5, 60),
(155, 6, 61),
(156, 6, 62),
(157, 6, 63),
(158, 6, 64),
(159, 6, 65),
(160, 6, 66),
(161, 6, 67),
(162, 6, 68),
(163, 6, 69),
(164, 6, 70),
(165, 6, 71),
(166, 6, 72),
(222, 10, 73);

--
-- Индексы сохранённых таблиц
--

--
-- Индексы таблицы `form`
--
ALTER TABLE `form`
  ADD PRIMARY KEY (`form_id`);

--
-- Индексы таблицы `image`
--
ALTER TABLE `image`
  ADD PRIMARY KEY (`image_id`);

--
-- Индексы таблицы `imageproduct`
--
ALTER TABLE `imageproduct`
  ADD PRIMARY KEY (`id`),
  ADD KEY `image_id` (`image_id`),
  ADD KEY `product_id` (`product_id`);

--
-- Индексы таблицы `product`
--
ALTER TABLE `product`
  ADD PRIMARY KEY (`product_id`),
  ADD KEY `mainSection_id` (`mainSection_id`),
  ADD KEY `mainimg_id` (`mainimg_id`);

--
-- Индексы таблицы `section`
--
ALTER TABLE `section`
  ADD PRIMARY KEY (`section_id`);

--
-- Индексы таблицы `sectionproduct`
--
ALTER TABLE `sectionproduct`
  ADD PRIMARY KEY (`id`),
  ADD KEY `section_id` (`section_id`),
  ADD KEY `product_id` (`product_id`);

--
-- AUTO_INCREMENT для сохранённых таблиц
--

--
-- AUTO_INCREMENT для таблицы `form`
--
ALTER TABLE `form`
  MODIFY `form_id` int NOT NULL AUTO_INCREMENT, AUTO_INCREMENT=9;

--
-- AUTO_INCREMENT для таблицы `image`
--
ALTER TABLE `image`
  MODIFY `image_id` int NOT NULL AUTO_INCREMENT, AUTO_INCREMENT=11;

--
-- AUTO_INCREMENT для таблицы `imageproduct`
--
ALTER TABLE `imageproduct`
  MODIFY `id` int NOT NULL AUTO_INCREMENT, AUTO_INCREMENT=210;

--
-- AUTO_INCREMENT для таблицы `product`
--
ALTER TABLE `product`
  MODIFY `product_id` int NOT NULL AUTO_INCREMENT, AUTO_INCREMENT=74;

--
-- AUTO_INCREMENT для таблицы `section`
--
ALTER TABLE `section`
  MODIFY `section_id` int NOT NULL AUTO_INCREMENT, AUTO_INCREMENT=11;

--
-- AUTO_INCREMENT для таблицы `sectionproduct`
--
ALTER TABLE `sectionproduct`
  MODIFY `id` int NOT NULL AUTO_INCREMENT, AUTO_INCREMENT=223;

--
-- Ограничения внешнего ключа сохраненных таблиц
--

--
-- Ограничения внешнего ключа таблицы `imageproduct`
--
ALTER TABLE `imageproduct`
  ADD CONSTRAINT `imageproduct_ibfk_1` FOREIGN KEY (`image_id`) REFERENCES `image` (`image_id`),
  ADD CONSTRAINT `imageproduct_ibfk_2` FOREIGN KEY (`product_id`) REFERENCES `product` (`product_id`);

--
-- Ограничения внешнего ключа таблицы `product`
--
ALTER TABLE `product`
  ADD CONSTRAINT `product_ibfk_1` FOREIGN KEY (`mainSection_id`) REFERENCES `section` (`section_id`),
  ADD CONSTRAINT `product_ibfk_2` FOREIGN KEY (`mainimg_id`) REFERENCES `image` (`image_id`);

--
-- Ограничения внешнего ключа таблицы `sectionproduct`
--
ALTER TABLE `sectionproduct`
  ADD CONSTRAINT `sectionproduct_ibfk_1` FOREIGN KEY (`section_id`) REFERENCES `section` (`section_id`),
  ADD CONSTRAINT `sectionproduct_ibfk_2` FOREIGN KEY (`product_id`) REFERENCES `product` (`product_id`);
COMMIT;

/*!40101 SET CHARACTER_SET_CLIENT=@OLD_CHARACTER_SET_CLIENT */;
/*!40101 SET CHARACTER_SET_RESULTS=@OLD_CHARACTER_SET_RESULTS */;
/*!40101 SET COLLATION_CONNECTION=@OLD_COLLATION_CONNECTION */;
